{"generation": 1, "best_fitness": 0.8322875499725342, "best_depth": 5, "best_latent_dim": 21, "variance": 0.04810767248272896, "mutation_count": 13, "_timestamp": 1696086952.0891159, "_runtime": 46.79468584060669, "_step": 0, "_wandb": {"runtime": 46}}