{"generation": 1, "best_fitness": 0.8488413095474243, "best_depth": 5, "best_latent_dim": 29, "variance": 0.042992621660232544, "mutation_count": 16, "_timestamp": 1696082065.161036, "_runtime": 41.910439014434814, "_step": 0, "_wandb": {"runtime": 41}}