{"generation": 5, "best_fitness": 0.8223493695259094, "best_depth": 5, "best_latent_dim": 11, "variance": 0.04416174814105034, "mutation_count": 10, "_timestamp": 1696088841.362507, "_runtime": 229.96371912956238, "_step": 5, "Generations Table": {"_type": "table-file", "sha256": "1becffd5a9286f3ce114972322658ca6dde83669d73a83b5cd73ca28b9c09d88", "size": 14092, "artifact_path": "wandb-client-artifact://sa2o8c0jf8mq94bhlpqxn3q5zy7tns5uqe91fd5y6z3z574gh01y09axuhjho4kekwxz2cg2r5zgxk5nldnim57sxgopytwkk7i9724hpuo9krzd3ik3sk25nerdry40:latest/Generations Table.table.json", "_latest_artifact_path": "wandb-client-artifact://sa2o8c0jf8mq94bhlpqxn3q5zy7tns5uqe91fd5y6z3z574gh01y09axuhjho4kekwxz2cg2r5zgxk5nldnim57sxgopytwkk7i9724hpuo9krzd3ik3sk25nerdry40:latest/Generations Table.table.json", "path": "media/table/Generations Table_5_1becffd5a9286f3ce114.table.json", "ncols": 4, "nrows": 5}, "_wandb": {"runtime": 229}}