{"generation": 1, "best_fitness": 0.8425838351249695, "best_depth": 2, "best_latent_dim": 26, "variance": 0.060168515890836716, "mutation_count": 21, "_timestamp": 1696087283.220146, "_runtime": 45.4853789806366, "_step": 0, "_wandb": {"runtime": 45}}