{"generation": 20, "best_fitness": 0.8775930404663086, "best_depth": 1, "best_latent_dim": 35, "variance": 0.07194739580154419, "mutation_count": 0, "_timestamp": 1696079493.950651, "_runtime": 957.8767650127411, "_step": 20, "Generations Table": {"_type": "table-file", "sha256": "79e56531da8845defa4420baf511c609426232e6df458d0c1d034f81442b40e4", "size": 53089, "artifact_path": "wandb-client-artifact://bhq9rc01kh6m3pwx0ei7m5fr1wo71t4zvkok7zw1hwv7x7mm8vfn2pgqm8r3ncrbgygw0vyl1zoemhbz2y5m6u1uzh6h68eucer2f7c4jzdvbndfmkvi2aglt00j10a9:latest/Generations Table.table.json", "_latest_artifact_path": "wandb-client-artifact://bhq9rc01kh6m3pwx0ei7m5fr1wo71t4zvkok7zw1hwv7x7mm8vfn2pgqm8r3ncrbgygw0vyl1zoemhbz2y5m6u1uzh6h68eucer2f7c4jzdvbndfmkvi2aglt00j10a9:latest/Generations Table.table.json", "path": "media/table/Generations Table_20_79e56531da8845defa44.table.json", "ncols": 4, "nrows": 20}, "_wandb": {"runtime": 957}}