{"generation": 1, "best_fitness": 0.8537508249282837, "best_depth": 4, "best_latent_dim": 111, "variance": 0.07394514876714525, "mutation_count": 18, "_timestamp": 1696086676.429315, "_runtime": 46.83231019973755, "_step": 0, "_wandb": {"runtime": 46}}