{"generation": 1, "best_fitness": 0.8061226606369019, "best_depth": 2, "best_latent_dim": 116, "variance": 0.058410096339363136, "mutation_count": 17, "_timestamp": 1696084867.3450098, "_runtime": 45.812068700790405, "_step": 0, "_wandb": {"runtime": 45}}