{"generation": 3, "best_fitness": 0.8551117181777954, "best_depth": 5, "best_latent_dim": 119, "variance": 0.0706176037866885, "mutation_count": 0, "_timestamp": 1696081159.6448991, "_runtime": 138.3397512435913, "_step": 2, "_wandb": {"runtime": 151}}