{"generation": 1, "best_fitness": 0.7919154167175293, "best_depth": 5, "best_latent_dim": 31, "variance": 0.31011756503588594, "mutation_count": 18, "_timestamp": 1696084679.289381, "_runtime": 38.801608085632324, "_step": 0, "_wandb": {"runtime": 38}}