{"generation": 5, "best_fitness": 0.8258111476898193, "best_depth": 4, "best_latent_dim": 107, "variance": 0.07348320052598341, "mutation_count": 0, "_timestamp": 1696081415.692585, "_runtime": 225.44034695625305, "_step": 4, "_wandb": {"runtime": 250}}