{"generation": 3, "best_fitness": 0.827514111995697, "best_depth": 5, "best_latent_dim": 21, "variance": 0.04276135563850403, "mutation_count": 7, "_timestamp": 1696087816.554661, "_runtime": 55.223427057266235, "_step": 2, "_wandb": {"runtime": 67}}