{"generation": 5, "best_fitness": 0.6726167798042297, "best_depth": 3, "best_latent_dim": 86, "variance": 0.05492320656776428, "mutation_count": 15, "_timestamp": 1696089561.675664, "_runtime": 233.99582695960999, "_step": 5, "Generations Table": {"_type": "table-file", "sha256": "d42bfa5bca50db56b9720de99a74ddc329736572f321a833438a8a3dd7736c2c", "size": 13877, "artifact_path": "wandb-client-artifact://ylykc6mrzxpyngkakn9g7n41lb6q8lugfx5sy2y2715a5qy5xt6y27kaendhv51tj0r6ooids99tcxz2q54sd9k7ekxdcfuyd460ayh8gjt22lsxvq5sad0ee89a8p0y:latest/Generations Table.table.json", "_latest_artifact_path": "wandb-client-artifact://ylykc6mrzxpyngkakn9g7n41lb6q8lugfx5sy2y2715a5qy5xt6y27kaendhv51tj0r6ooids99tcxz2q54sd9k7ekxdcfuyd460ayh8gjt22lsxvq5sad0ee89a8p0y:latest/Generations Table.table.json", "path": "media/table/Generations Table_5_d42bfa5bca50db56b972.table.json", "ncols": 4, "nrows": 5}, "_wandb": {"runtime": 233}}