{"generation": 8, "best_fitness": 0.8013479709625244, "best_depth": 4, "best_latent_dim": 51, "variance": 0.0630539059638977, "mutation_count": 0, "_timestamp": 1696081980.683467, "_runtime": 374.6688268184662, "_step": 7, "_wandb": {"runtime": 409}}